{
  "id": "/subscriptions/50f6b7d7-c312-4388-be78-5fcfa678d6fa/resourceGroups/dev-ad-t/providers/Microsoft.Resources/deployments/CreateVm-Canonical.UbuntuServer-18.04-LTS-20190624104924",
  "name": "CreateVm-Canonical.UbuntuServer-18.04-LTS-20190624104924",
  "properties": {
    "templateHash": "10628988555571871897",
    "parameters": {
      "location": {
        "type": "String",
        "value": "westeurope"
      },
      "networkInterfaceName": {
        "type": "String",
        "value": "doc-n01-d277"
      },
      "networkSecurityGroupName": {
        "type": "String",
        "value": "docker-node-nsg-d"
      },
      "networkSecurityGroupRules": {
        "type": "Array",
        "value": [
          {
            "name": "default-allow-ssh",
            "properties": {
              "priority": 1000,
              "protocol": "TCP",
              "access": "Allow",
              "direction": "Inbound",
              "sourceApplicationSecurityGroups": [],
              "destinationApplicationSecurityGroups": [],
              "sourceAddressPrefix": "*",
              "sourcePortRange": "*",
              "destinationAddressPrefix": "*",
              "destinationPortRange": "22"
            }
          }
        ]
      },
      "subnetName": {
        "type": "String",
        "value": "default"
      },
      "virtualNetworkId": {
        "type": "String",
        "value": "/subscriptions/50f6b7d7-c312-4388-be78-5fcfa678d6fa/resourceGroups/dev-ad-t/providers/Microsoft.Network/virtualNetworks/dev-ad-t-vnet"
      },
      "publicIpAddressName": {
        "type": "String",
        "value": "doc-n01-d-ip"
      },
      "publicIpAddressType": {
        "type": "String",
        "value": "Dynamic"
      },
      "publicIpAddressSku": {
        "type": "String",
        "value": "Basic"
      },
      "virtualMachineName": {
        "type": "String",
        "value": "doc-n01-d"
      },
      "virtualMachineRG": {
        "type": "String",
        "value": "dev-ad-t"
      },
      "osDiskType": {
        "type": "String",
        "value": "Premium_LRS"
      },
      "virtualMachineSize": {
        "type": "String",
        "value": "Standard_D2s_v3"
      },
      "adminUsername": {
        "type": "String",
        "value": "flsadmin"
      },
      "adminPassword": {
        "type": "SecureString"
      },
      "diagnosticsStorageAccountName": {
        "type": "String",
        "value": "devadd01"
      },
      "diagnosticsStorageAccountId": {
        "type": "String",
        "value": "/subscriptions/50f6b7d7-c312-4388-be78-5fcfa678d6fa/resourceGroups/dev-ad-t/providers/Microsoft.Storage/storageAccounts/devadd01"
      },
      "backupVaultName": {
        "type": "String",
        "value": "dev-bv-1-t"
      },
      "backupFabricName": {
        "type": "String",
        "value": "Azure"
      },
      "backupVaultRGName": {
        "type": "String",
        "value": "dev-ad-t"
      },
      "backupVaultRGIsNew": {
        "type": "Bool",
        "value": false
      },
      "backupPolicyName": {
        "type": "String",
        "value": "DefaultPolicy"
      },
      "backupItemName": {
        "type": "String",
        "value": "vm;iaasvmcontainerv2;dev-ad-t;doc-n01-d"
      }
    },
    "mode": "Incremental",
    "debugSetting": {
      "detailLevel": "None"
    },
    "provisioningState": "Succeeded",
    "timestamp": "2019-06-24T09:15:12.102978Z",
    "duration": "PT1M44.8156535S",
    "correlationId": "255ac9a6-7bd4-4d6f-a81d-83e3fbbc8720",
    "providers": [
      {
        "namespace": "Microsoft.Network",
        "resourceTypes": [
          {
            "resourceType": "networkInterfaces",
            "locations": [
              "westeurope"
            ]
          },
          {
            "resourceType": "networkSecurityGroups",
            "locations": [
              "westeurope"
            ]
          },
          {
            "resourceType": "publicIpAddresses",
            "locations": [
              "westeurope"
            ]
          }
        ]
      },
      {
        "namespace": "Microsoft.Compute",
        "resourceTypes": [
          {
            "resourceType": "virtualMachines",
            "locations": [
              "westeurope"
            ]
          },
          {
            "resourceType": "virtualMachines/extensions",
            "locations": [
              "westeurope"
            ]
          }
        ]
      },
      {
        "namespace": "Microsoft.Resources",
        "resourceTypes": [
          {
            "resourceType": "deployments",
            "locations": [
              null
            ]
          }
        ]
      }
    ],
    "dependencies": [
      {
        "dependsOn": [
          {
            "id": "/subscriptions/50f6b7d7-c312-4388-be78-5fcfa678d6fa/resourceGroups/dev-ad-t/providers/Microsoft.Network/networkSecurityGroups/docker-node-nsg-d",
            "resourceType": "Microsoft.Network/networkSecurityGroups",
            "resourceName": "docker-node-nsg-d"
          },
          {
            "id": "/subscriptions/50f6b7d7-c312-4388-be78-5fcfa678d6fa/resourceGroups/dev-ad-t/providers/Microsoft.Network/publicIpAddresses/doc-n01-d-ip",
            "resourceType": "Microsoft.Network/publicIpAddresses",
            "resourceName": "doc-n01-d-ip"
          }
        ],
        "id": "/subscriptions/50f6b7d7-c312-4388-be78-5fcfa678d6fa/resourceGroups/dev-ad-t/providers/Microsoft.Network/networkInterfaces/doc-n01-d277",
        "resourceType": "Microsoft.Network/networkInterfaces",
        "resourceName": "doc-n01-d277"
      },
      {
        "dependsOn": [
          {
            "id": "/subscriptions/50f6b7d7-c312-4388-be78-5fcfa678d6fa/resourceGroups/dev-ad-t/providers/Microsoft.Network/networkInterfaces/doc-n01-d277",
            "resourceType": "Microsoft.Network/networkInterfaces",
            "resourceName": "doc-n01-d277"
          }
        ],
        "id": "/subscriptions/50f6b7d7-c312-4388-be78-5fcfa678d6fa/resourceGroups/dev-ad-t/providers/Microsoft.Compute/virtualMachines/doc-n01-d",
        "resourceType": "Microsoft.Compute/virtualMachines",
        "resourceName": "doc-n01-d"
      },
      {
        "dependsOn": [
          {
            "id": "/subscriptions/50f6b7d7-c312-4388-be78-5fcfa678d6fa/resourceGroups/dev-ad-t/providers/Microsoft.Compute/virtualMachines/doc-n01-d",
            "resourceType": "Microsoft.Compute/virtualMachines",
            "resourceName": "doc-n01-d"
          }
        ],
        "id": "/subscriptions/50f6b7d7-c312-4388-be78-5fcfa678d6fa/resourceGroups/dev-ad-t/providers/Microsoft.Resources/deployments/doc-n01-d-BackupIntent",
        "resourceType": "Microsoft.Resources/deployments",
        "resourceName": "doc-n01-d-BackupIntent"
      },
      {
        "dependsOn": [
          {
            "id": "/subscriptions/50f6b7d7-c312-4388-be78-5fcfa678d6fa/resourceGroups/dev-ad-t/providers/Microsoft.Compute/virtualMachines/doc-n01-d",
            "resourceType": "Microsoft.Compute/virtualMachines",
            "resourceName": "doc-n01-d"
          },
          {
            "id": "/subscriptions/50f6b7d7-c312-4388-be78-5fcfa678d6fa/resourceGroups/dev-ad-t/providers/Microsoft.Storage/storageAccounts/devadd01",
            "resourceType": "Microsoft.Storage/storageAccounts",
            "resourceName": "devadd01",
            "actionName": "ListAccountSas",
            "apiVersion": "2018-07-01"
          }
        ],
        "id": "/subscriptions/50f6b7d7-c312-4388-be78-5fcfa678d6fa/resourceGroups/dev-ad-t/providers/Microsoft.Compute/virtualMachines/doc-n01-d/extensions/LinuxDiagnostic",
        "resourceType": "Microsoft.Compute/virtualMachines/extensions",
        "resourceName": "doc-n01-d/LinuxDiagnostic"
      }
    ],
    "outputs": {
      "adminUsername": {
        "type": "String",
        "value": "flsadmin"
      }
    },
    "outputResources": [
      {
        "id": "/subscriptions/50f6b7d7-c312-4388-be78-5fcfa678d6fa/resourceGroups/dev-ad-t/providers/Microsoft.Compute/virtualMachines/doc-n01-d"
      },
      {
        "id": "/subscriptions/50f6b7d7-c312-4388-be78-5fcfa678d6fa/resourceGroups/dev-ad-t/providers/Microsoft.Compute/virtualMachines/doc-n01-d/extensions/LinuxDiagnostic"
      },
      {
        "id": "/subscriptions/50f6b7d7-c312-4388-be78-5fcfa678d6fa/resourceGroups/dev-ad-t/providers/Microsoft.Network/networkInterfaces/doc-n01-d277"
      },
      {
        "id": "/subscriptions/50f6b7d7-c312-4388-be78-5fcfa678d6fa/resourceGroups/dev-ad-t/providers/Microsoft.Network/networkSecurityGroups/docker-node-nsg-d"
      },
      {
        "id": "/subscriptions/50f6b7d7-c312-4388-be78-5fcfa678d6fa/resourceGroups/dev-ad-t/providers/Microsoft.Network/publicIpAddresses/doc-n01-d-ip"
      },
      {
        "id": "/subscriptions/50f6b7d7-c312-4388-be78-5fcfa678d6fa/resourceGroups/dev-ad-t/providers/Microsoft.RecoveryServices/vaults/dev-bv-1-t/backupFabrics/Azure/backupProtectionIntent/vm;iaasvmcontainerv2;dev-ad-t;doc-n01-d"
      }
    ],
    "validationLevel": "Template"
  }
}