[
  {
    "id": "/subscriptions/50f6b7d7-c312-4388-be78-5fcfa678d6fa/resourceGroups/dev-ad-t/providers/Microsoft.Resources/deployments/CreateVm-Canonical.UbuntuServer-18.04-LTS-20190624104924/operations/433AEFA5793ABE4A",
    "operationId": "433AEFA5793ABE4A",
    "properties": {
      "provisioningOperation": "Create",
      "provisioningState": "Succeeded",
      "timestamp": "2019-06-24T09:15:11.5362064Z",
      "duration": "PT37.1879623S",
      "trackingId": "f0ca191e-d835-497b-a682-643861c46bbd",
      "statusCode": "OK",
      "targetResource": {
        "id": "/subscriptions/50f6b7d7-c312-4388-be78-5fcfa678d6fa/resourceGroups/dev-ad-t/providers/Microsoft.Compute/virtualMachines/doc-n01-d/extensions/LinuxDiagnostic",
        "resourceType": "Microsoft.Compute/virtualMachines/extensions",
        "resourceName": "doc-n01-d/LinuxDiagnostic"
      }
    }
  },
  {
    "id": "/subscriptions/50f6b7d7-c312-4388-be78-5fcfa678d6fa/resourceGroups/dev-ad-t/providers/Microsoft.Resources/deployments/CreateVm-Canonical.UbuntuServer-18.04-LTS-20190624104924/operations/77AD6A96978BEB19",
    "operationId": "77AD6A96978BEB19",
    "properties": {
      "provisioningOperation": "Create",
      "provisioningState": "Succeeded",
      "timestamp": "2019-06-24T09:14:38.1267885Z",
      "duration": "PT3.7785444S",
      "trackingId": "a474008c-e32d-491d-94d9-40a25d2f44fd",
      "statusCode": "OK",
      "targetResource": {
        "id": "/subscriptions/50f6b7d7-c312-4388-be78-5fcfa678d6fa/resourceGroups/dev-ad-t/providers/Microsoft.Resources/deployments/doc-n01-d-BackupIntent",
        "resourceType": "Microsoft.Resources/deployments",
        "resourceName": "doc-n01-d-BackupIntent"
      }
    }
  },
  {
    "id": "/subscriptions/50f6b7d7-c312-4388-be78-5fcfa678d6fa/resourceGroups/dev-ad-t/providers/Microsoft.Resources/deployments/CreateVm-Canonical.UbuntuServer-18.04-LTS-20190624104924/operations/AC8956BB2EB60027",
    "operationId": "AC8956BB2EB60027",
    "properties": {
      "provisioningOperation": "Create",
      "provisioningState": "Succeeded",
      "timestamp": "2019-06-24T09:14:34.2824482Z",
      "duration": "PT46.8426711S",
      "trackingId": "ff48d625-e617-4fe3-acdd-6c0873e6afcd",
      "statusCode": "OK",
      "targetResource": {
        "id": "/subscriptions/50f6b7d7-c312-4388-be78-5fcfa678d6fa/resourceGroups/dev-ad-t/providers/Microsoft.Compute/virtualMachines/doc-n01-d",
        "resourceType": "Microsoft.Compute/virtualMachines",
        "resourceName": "doc-n01-d"
      }
    }
  },
  {
    "id": "/subscriptions/50f6b7d7-c312-4388-be78-5fcfa678d6fa/resourceGroups/dev-ad-t/providers/Microsoft.Resources/deployments/CreateVm-Canonical.UbuntuServer-18.04-LTS-20190624104924/operations/80A9A8ACE7BBE1DE",
    "operationId": "80A9A8ACE7BBE1DE",
    "properties": {
      "provisioningOperation": "Create",
      "provisioningState": "Succeeded",
      "timestamp": "2019-06-24T09:13:47.3348402Z",
      "duration": "PT1.2092832S",
      "trackingId": "ca222462-ba94-4a4c-9619-a24c2280f0d3",
      "statusCode": "Created",
      "targetResource": {
        "id": "/subscriptions/50f6b7d7-c312-4388-be78-5fcfa678d6fa/resourceGroups/dev-ad-t/providers/Microsoft.Network/networkInterfaces/doc-n01-d277",
        "resourceType": "Microsoft.Network/networkInterfaces",
        "resourceName": "doc-n01-d277"
      }
    }
  },
  {
    "id": "/subscriptions/50f6b7d7-c312-4388-be78-5fcfa678d6fa/resourceGroups/dev-ad-t/providers/Microsoft.Resources/deployments/CreateVm-Canonical.UbuntuServer-18.04-LTS-20190624104924/operations/D445CD730ADAC890",
    "operationId": "D445CD730ADAC890",
    "properties": {
      "provisioningOperation": "Create",
      "provisioningState": "Succeeded",
      "timestamp": "2019-06-24T09:13:45.9803591Z",
      "duration": "PT18.1130108S",
      "trackingId": "2a8c4b6c-fb41-4c10-bd5f-355f1d42a6ce",
      "statusCode": "OK",
      "targetResource": {
        "id": "/subscriptions/50f6b7d7-c312-4388-be78-5fcfa678d6fa/resourceGroups/dev-ad-t/providers/Microsoft.Network/networkSecurityGroups/docker-node-nsg-d",
        "resourceType": "Microsoft.Network/networkSecurityGroups",
        "resourceName": "docker-node-nsg-d"
      }
    }
  },
  {
    "id": "/subscriptions/50f6b7d7-c312-4388-be78-5fcfa678d6fa/resourceGroups/dev-ad-t/providers/Microsoft.Resources/deployments/CreateVm-Canonical.UbuntuServer-18.04-LTS-20190624104924/operations/005852E1F7297458",
    "operationId": "005852E1F7297458",
    "properties": {
      "provisioningOperation": "Create",
      "provisioningState": "Succeeded",
      "timestamp": "2019-06-24T09:13:30.9113088Z",
      "duration": "PT3.0439605S",
      "trackingId": "73112dd5-fa5d-4f6c-b2c1-97867f4be526",
      "statusCode": "OK",
      "targetResource": {
        "id": "/subscriptions/50f6b7d7-c312-4388-be78-5fcfa678d6fa/resourceGroups/dev-ad-t/providers/Microsoft.Network/publicIpAddresses/doc-n01-d-ip",
        "resourceType": "Microsoft.Network/publicIpAddresses",
        "resourceName": "doc-n01-d-ip"
      }
    }
  },
  {
    "id": "/subscriptions/50f6b7d7-c312-4388-be78-5fcfa678d6fa/resourceGroups/dev-ad-t/providers/Microsoft.Resources/deployments/CreateVm-Canonical.UbuntuServer-18.04-LTS-20190624104924/operations/9C20BE6866ECBEC2",
    "operationId": "9C20BE6866ECBEC2",
    "properties": {
      "provisioningOperation": "Action",
      "provisioningState": "Succeeded",
      "timestamp": "2019-06-24T09:13:28.2225718Z",
      "duration": "PT0.3552235S",
      "trackingId": "becfbbac-f056-46af-827a-9462cd84ac53",
      "statusCode": "OK",
      "targetResource": {
        "id": "/subscriptions/50f6b7d7-c312-4388-be78-5fcfa678d6fa/resourceGroups/dev-ad-t/providers/Microsoft.Storage/storageAccounts/devadd01",
        "resourceType": "Microsoft.Storage/storageAccounts",
        "resourceName": "devadd01",
        "actionName": "ListAccountSas",
        "apiVersion": "2018-07-01"
      }
    }
  },
  {
    "id": "/subscriptions/50f6b7d7-c312-4388-be78-5fcfa678d6fa/resourceGroups/dev-ad-t/providers/Microsoft.Resources/deployments/CreateVm-Canonical.UbuntuServer-18.04-LTS-20190624104924/operations/08586402392781903680",
    "operationId": "08586402392781903680",
    "properties": {
      "provisioningOperation": "EvaluateDeploymentOutput",
      "provisioningState": "Succeeded",
      "timestamp": "2019-06-24T09:15:11.9929264Z",
      "duration": "PT0.3169206S",
      "trackingId": "1d77a6e5-8424-4016-bcbc-b71721afddb7",
      "statusCode": "OK",
      "statusMessage": null
    }
  }
]